{ "_id" : 1, "name" : { "first" : "John", "last" : "Backus" }, "birthYear" : 1924, "deathYear" : 2007, "contribs" : [ "Fortran", "ALGOL", "Backus-Naur Form", "FP" ], "awards" : [ { "award" : "W.W. McDowell Award", "year" : 1967, "by" : "IEEE Computer Society" }, { "award" : "National Medal of Science", "year" : 1975, "by" : "National Science Foundation" }, { "award" : "Turing Award", "year" : 1977, "by" : "ACM" }, { "award" : "Draper Prize", "year" : 1993, "by" : "National Academy of Engineering" } ] }
{ "_id" : 2, "name" : { "first" : "John", "last" : "McCarthy" }, "birthYear" : 1927, "deathYear" : 2011, "contribs" : [ "Lisp", "Artificial Intelligence", "ALGOL" ], "awards" : [ { "award" : "Turing Award", "year" : 1971, "by" : "ACM" }, { "award" : "Kyoto Prize", "year" : 1988, "by" : "Inamori Foundation" }, { "award" : "National Medal of Science", "year" : 1990, "by" : "National Science Foundation" } ] }
{ "_id" : 3, "name" : { "first" : "Grace", "last" : "Hopper" }, "title" : "Rear Admiral", "birthYear" : 1915, "deathYear" : 1992, "contribs" : [ "UNIVAC", "compiler", "FLOW-MATIC", "COBOL" ], "awards" : [ { "award" : "Computer Sciences Man of the Year", "year" : 1969, "by" : "Data Processing Management Association" }, { "award" : "Distinguished Fellow", "year" : 1973, "by" : " British Computer Society" }, { "award" : "W. W. McDowell Award", "year" : 1976, "by" : "IEEE Computer Society" }, { "award" : "National Medal of Technology", "year" : 1991, "by" : "United States" } ] }
{ "_id" : 4, "name" : { "first" : "Kristen", "last" : "Nygaard" }, "birthYear" : 1906, "deathYear" : 2002, "contribs" : [ "OOP", "Simula" ], "awards" : [ { "award" : "Rosing Prize", "year" : 1999, "by" : "Norwegian Data Association" }, { "award" : "Turing Award", "year" : 2001, "by" : "ACM" }, { "award" : "IEEE John von Neumann Medal", "year" : 2001, "by" : "IEEE" } ] }
{ "_id" : 5, "name" : { "first" : "Ole-Johan", "last" : "Dahl" }, "birthYear" : 1926, "deathYear" : 2002, "contribs" : [ "OOP", "Simula" ], "awards" : [ { "award" : "Rosing Prize", "year" : 1999, "by" : "Norwegian Data Association" }, { "award" : "Turing Award", "year" : 2001, "by" : "ACM" }, { "award" : "IEEE John von Neumann Medal", "year" : 2001, "by" : "IEEE" } ] }
{ "_id" : 6, "name" : { "first" : "Guido", "last" : "van Rossum" }, "birthYear" : 1931, "contribs" : [ "Python" ], "awards" : [ { "award" : "Award for the Advancement of Free Software", "year" : 2001, "by" : "Free Software Foundation" }, { "award" : "NLUUG Award", "year" : 2003, "by" : "NLUUG" } ] }
{ "_id" : 7, "name" : { "first" : "Dennis", "last" : "Ritchie" }, "birthYear" : 1956, "deathYear" : 2011, "contribs" : [ "UNIX", "C" ], "awards" : [ { "award" : "Turing Award", "year" : 1983, "by" : "ACM" }, { "award" : "National Medal of Technology", "year" : 1998, "by" : "United States" }, { "award" : "Japan Prize", "year" : 2011, "by" : "The Japan Prize Foundation" } ] }
{ "_id" : 8, "name" : { "first" : "Yukihiro", "aka" : "Matz", "last" : "Matsumoto" }, "birthYear" : 1941, "contribs" : [ "Ruby" ], "awards" : [ { "award" : "Award for the Advancement of Free Software", "year" : "2011", "by" : "Free Software Foundation" } ] }
{ "_id" : 9, "name" : { "first" : "James", "last" : "Gosling" }, "birthYear" : 1965, "contribs" : [ "Java" ], "awards" : [ { "award" : "The Economist Innovation Award", "year" : 2002, "by" : "The Economist" }, { "award" : "Officer of the Order of Canada", "year" : 2007, "by" : "Canada" } ] }
{ "_id" : 10, "name" : { "first" : "Martin", "last" : "Odersky" }, "contribs" : [ "Scala" ] }
