{ "_id" : { "$oid" : "641356d6f6b06e4720772384" }, "codi" : "10", "nom" : "Administració", "localitzacio" : { "codi" : "1700", "carrer" : "2004 Charade Rd", "codi_postal" : "98199", "ciutat" : "Seattle", "estat_provincia" : "Washington", "pais" : "Estats Units", "regio" : "Amèrica" } }
{ "_id" : { "$oid" : "641356d6f6b06e4720772385" }, "codi" : "20", "nom" : "Marketing", "localitzacio" : { "codi" : "1800", "carrer" : "460 Bloor St. W.", "codi_postal" : "ON M5S 1X8", "ciutat" : "Toronto", "estat_provincia" : "Ontario", "pais" : "Canadà", "regio" : "Amèrica" } }
{ "_id" : { "$oid" : "641356d6f6b06e4720772386" }, "codi" : "50", "nom" : "Vendes", "localitzacio" : { "codi" : "1500", "carrer" : "2001 Interiors Blvd", "codi_postal" : "99236", "ciutat" : "South San Francisco", "estat_provincia" : "California", "pais" : "Estats Units", "regio" : "Amèrica" } }
{ "_id" : { "$oid" : "641356d6f6b06e4720772387" }, "codi" : "60", "nom" : "IT", "localitzacio" : { "codi" : "1400", "carrer" : "2014 Jabberwocky Rd", "codi_postal" : "26192", "ciutat" : "Southlake", "estat_provincia" : "Texas", "pais" : "Estats Units", "regio" : "Amèrica" } }
{ "_id" : { "$oid" : "641356d6f6b06e4720772388" }, "codi" : "80", "nom" : "Compres", "localitzacio" : { "codi" : "2500", "carrer" : "Magdalen Centre, The Ofxord Science Park", "codi_postal" : "OX9 9ZB", "ciutat" : "Oxford", "estat_provincia" : "Oxford", "pais" : "Regne Unit", "regio" : "Europa" } }
{ "_id" : { "$oid" : "641356d6f6b06e4720772389" }, "codi" : "90", "nom" : "Direcció", "localitzacio" : { "codi" : "1700", "carrer" : "2004 Charade Rd", "codi_postal" : "98199", "ciutat" : "Seattle", "estat_provincia" : "Washington", "pais" : "Estats Units", "regio" : "Amèrica" } }
{ "_id" : { "$oid" : "641356d6f6b06e472077238a" }, "codi" : "110", "nom" : "Contabilitat", "localitzacio" : { "codi" : "1700", "carrer" : "2004 Charade Rd", "codi_postal" : "98199", "ciutat" : "Seattle", "estat_provincia" : "Washington", "pais" : "Estats Units", "regio" : "Amèrica" } }
{ "_id" : { "$oid" : "641356d6f6b06e472077238b" }, "codi" : "190", "nom" : "Recursos Humans", "localitzacio" : { "codi" : "1700", "carrer" : "2004 Charade Rd", "codi_postal" : "98199", "ciutat" : "Seattle", "estat_provincia" : "Washington", "pais" : "Estats Units", "regio" : "Amèrica" } }
