{ "_id" : { "$oid" : "64135963f6b06e47207723cd" }, "empleat_id" : "100", "nom" : "Steven", "cognoms" : "King", "email" : "sking@empresa.cat", "telefon" : "515.123.4567", "data_contractacio" : { "$date" : "1987-06-17T00:00:00.000+0000" }, "feina" : { "codi" : "AD_PRES", "nom" : "President" }, "salari" : 2400.0, "departament" : { "codi" : "90", "nom" : "Direcció" } }
{ "_id" : { "$oid" : "64135963f6b06e47207723ce" }, "empleat_id" : "101", "nom" : "Neena", "cognoms" : "Kochhar", "email" : "nkochhar@empresa.cat", "telefon" : "515.123.4568", "data_contractacio" : { "$date" : "1989-09-21T00:00:00.000+0000" }, "feina" : { "codi" : "AD_VP", "nom" : "Vice President" }, "salari" : 1700.0, "cap" : { "empleat_id" : 100, "nom" : "Steven", "cognoms" : "King" }, "departament" : { "codi" : "90", "nom" : "Direcció" }, "historial_feines" : [ { "data_inici" : { "$date" : "1993-10-28T00:00:00.000+0000" }, "data_fi" : { "$date" : "1997-03-15T00:00:00.000+0000" }, "feina" : { "codi" : "SA_MAN", "nom" : "Cap logística" }, "departament" : { "codi" : 90, "nom" : "Direcció" } }, { "data_inici" : { "$date" : "1989-09-21T00:00:00.000+0000" }, "data_fi" : { "$date" : "1993-10-27T00:00:00.000+0000" }, "feina" : { "codi" : "AC_ACCOUNT", "nom" : "Contable" }, "departament" : { "codi" : 110, "nom" : "Contabilitat" } } ] }
{ "_id" : { "$oid" : "64135963f6b06e47207723cf" }, "empleat_id" : "102", "nom" : "Lex", "cognoms" : "De Haan", "email" : "ldehaan@empresa.cat", "telefon" : "515.123.4569", "data_contractacio" : { "$date" : "1993-01-13T00:00:00.000+0000" }, "feina" : { "codi" : "AD_VP", "nom" : "Vice President" }, "salari" : 1700.0, "cap" : { "empleat_id" : 100, "nom" : "Steven", "cognoms" : "King" }, "departament" : { "codi" : "90", "nom" : "Direcció" }, "historial_feines" : [ { "data_inici" : { "$date" : "1993-01-13T00:00:00.000+0000" }, "data_fi" : { "$date" : "1998-07-24T00:00:00.000+0000" }, "feina" : { "codi" : "IT_PROG", "nom" : "Programador" }, "departament" : { "codi" : 60, "nom" : "IT" } } ] }
{ "_id" : { "$oid" : "64135963f6b06e47207723d0" }, "empleat_id" : "103", "nom" : "Alexander", "cognoms" : "Hunold", "email" : "ahunold@empresa.cat", "telefon" : "590.423.4567", "data_contractacio" : { "$date" : "1990-01-03T00:00:00.000+0000" }, "feina" : { "codi" : "IT_PROG", "nom" : "Programador" }, "salari" : 9000.0, "cap" : { "empleat_id" : 102, "nom" : "Lex", "cognoms" : "De Haan" }, "departament" : { "codi" : "60", "nom" : "IT" } }
{ "_id" : { "$oid" : "64135963f6b06e47207723d1" }, "empleat_id" : "104", "nom" : "Bruce", "cognoms" : "Ernst", "email" : "bernst@empresa.cat", "telefon" : "590.423.4568", "data_contractacio" : { "$date" : "1991-05-21T00:00:00.000+0000" }, "feina" : { "codi" : "IT_PROG", "nom" : "Programador" }, "salari" : 6000.0, "cap" : { "empleat_id" : 103, "nom" : "Alexander", "cognoms" : "Hunold" }, "departament" : { "codi" : "60", "nom" : "IT" } }
{ "_id" : { "$oid" : "64135963f6b06e47207723d2" }, "empleat_id" : "107", "nom" : "Diana", "cognoms" : "Lorentz", "email" : "dlorentz@empresa.cat", "telefon" : "590.423.5567", "data_contractacio" : { "$date" : "1999-02-07T00:00:00.000+0000" }, "feina" : { "codi" : "IT_PROG", "nom" : "Programador" }, "salari" : 4200.0, "cap" : { "empleat_id" : 103, "nom" : "Alexander", "cognoms" : "Hunold" }, "departament" : { "codi" : "60", "nom" : "IT" } }
{ "_id" : { "$oid" : "64135963f6b06e47207723d3" }, "empleat_id" : "124", "nom" : "Kevin", "cognoms" : "Morugos", "email" : "kmorugos@empresa.cat", "telefon" : "650.123.5234", "data_contractacio" : { "$date" : "1999-11-16T00:00:00.000+0000" }, "feina" : { "codi" : "ST_MAN", "nom" : "Cap logística" }, "salari" : 5800.0, "cap" : { "empleat_id" : 100, "nom" : "Steven", "cognoms" : "King" }, "departament" : { "codi" : "50", "nom" : "Vendes" } }
{ "_id" : { "$oid" : "64135963f6b06e47207723d4" }, "empleat_id" : "141", "nom" : "Trenna", "cognoms" : "Rajs", "email" : "trajs@empresa.cat", "telefon" : "650.121.8009", "data_contractacio" : { "$date" : "1995-10-17T00:00:00.000+0000" }, "feina" : { "codi" : "ST_CLERK", "nom" : "Secretari Logística" }, "salari" : 3500.0, "cap" : { "empleat_id" : 124, "nom" : "Kevin", "cognoms" : "Morugos" }, "departament" : { "codi" : "50", "nom" : "Vendes" } }
{ "_id" : { "$oid" : "64135963f6b06e47207723d5" }, "empleat_id" : "142", "nom" : "Curtis", "cognoms" : "Davies", "email" : "cdavies@empresa.cat", "telefon" : "650.121.2994", "data_contractacio" : { "$date" : "1997-01-29T00:00:00.000+0000" }, "feina" : { "codi" : "ST_CLERK", "nom" : "Secretari Logística" }, "salari" : 3100.0, "cap" : { "empleat_id" : 124, "nom" : "Kevin", "cognoms" : "Morugos" }, "departament" : { "codi" : "50", "nom" : "Vendes" }, "historial_feines" : [ { "data_inici" : { "$date" : "1999-01-01T00:00:00.000+0000" }, "data_fi" : { "$date" : "1999-12-31T00:00:00.000+0000" }, "feina" : { "codi" : "ST_CLERK", "nom" : "Secretari Logística" }, "departament" : { "codi" : 50, "nom" : "Vendes" } } ] }
{ "_id" : { "$oid" : "64135963f6b06e47207723d6" }, "empleat_id" : "143", "nom" : "Randall", "cognoms" : "Matos", "email" : "rmatos@empresa.cat", "telefon" : "650.121.2874", "data_contractacio" : { "$date" : "1998-03-15T00:00:00.000+0000" }, "feina" : { "codi" : "ST_CLERK", "nom" : "Secretari Logística" }, "salari" : 2600.0, "cap" : { "empleat_id" : 124, "nom" : "Kevin", "cognoms" : "Morugos" }, "departament" : { "codi" : "50", "nom" : "Vendes" } }
{ "_id" : { "$oid" : "64135963f6b06e47207723d7" }, "empleat_id" : "144", "nom" : "Peter", "cognoms" : "Vargas", "email" : "pvargas@empresa.cat", "telefon" : "650.121.2004", "data_contractacio" : { "$date" : "1998-09-07T00:00:00.000+0000" }, "feina" : { "codi" : "ST_CLERK", "nom" : "Secretari Logística" }, "salari" : 2500.0, "cap" : { "empleat_id" : 124, "nom" : "Kevin", "cognoms" : "Morugos" }, "departament" : { "codi" : "50", "nom" : "Vendes" }, "historial_feines" : [ { "data_inici" : { "$date" : "1998-03-24T00:00:00.000+0000" }, "data_fi" : { "$date" : "1999-12-31T00:00:00.000+0000" }, "feina" : { "codi" : "ST_CLERK", "nom" : "Secretari Logística" }, "departament" : { "codi" : 50, "nom" : "Vendes" } } ] }
{ "_id" : { "$oid" : "64135963f6b06e47207723d8" }, "empleat_id" : "149", "nom" : "Eleni", "cognoms" : "Zlotkey", "email" : "ezlotkey@empresa.cat", "telefon" : "011.44.1344.429018", "data_contractacio" : { "$date" : "2000-01-29T00:00:00.000+0000" }, "feina" : { "codi" : "SA_MAN", "nom" : "Cap de Vendes" }, "salari" : 10500.0, "pct_comissio" : 0.2, "cap" : { "empleat_id" : 100, "nom" : "Steven", "cognoms" : "King" }, "departament" : { "codi" : "80", "nom" : "Compres" } }
{ "_id" : { "$oid" : "64135963f6b06e47207723d9" }, "empleat_id" : "174", "nom" : "Ellen", "cognoms" : "Abel", "email" : "eabel@empresa.cat", "telefon" : "011.44.1644.429267", "data_contractacio" : { "$date" : "1996-05-11T00:00:00.000+0000" }, "feina" : { "codi" : "SAP_REP", "nom" : "Venedor" }, "salari" : 1100.0, "pct_comissio" : 0.3, "cap" : { "empleat_id" : 149, "nom" : "Eleni", "cognoms" : "Zlotkey" }, "departament" : { "codi" : "80", "nom" : "Compres" } }
{ "_id" : { "$oid" : "64135963f6b06e47207723da" }, "empleat_id" : "176", "nom" : "Jonathan", "cognoms" : "Taylor", "email" : "jtaylor@empresa.cat", "telefon" : "011.44.1644.429265", "data_contractacio" : { "$date" : "1998-03-24T00:00:00.000+0000" }, "feina" : { "codi" : "SAP_REP", "nom" : "Venedor" }, "salari" : 8600.0, "pct_comissio" : 0.2, "cap" : { "empleat_id" : 149, "nom" : "Eleni", "cognoms" : "Zlotkey" }, "departament" : { "codi" : "80", "nom" : "Compres" }, "historial_feines" : [ { "data_inici" : { "$date" : "1998-03-24T00:00:00.000+0000" }, "data_fi" : { "$date" : "1998-12-31T00:00:00.000+0000" }, "feina" : { "codi" : "SAP_REP", "nom" : "Venedor" }, "departament" : { "codi" : 80, "nom" : "Compres" } }, { "data_inici" : { "$date" : "1999-01-01T00:00:00.000+0000" }, "data_fi" : { "$date" : "1999-12-31T00:00:00.000+0000" }, "feina" : { "codi" : "SA_MAN", "nom" : "Cap de Vendes" }, "departament" : { "codi" : 80, "nom" : "Compres" } } ] }
{ "_id" : { "$oid" : "64135963f6b06e47207723db" }, "empleat_id" : "178", "nom" : "Kimberely", "cognoms" : "Grant", "email" : "kgrant@empresa.cat", "telefon" : "011.44.1644.429263", "data_contractacio" : { "$date" : "1999-05-24T00:00:00.000+0000" }, "feina" : { "codi" : "SAP_REP", "nom" : "Venedor" }, "salari" : 7000.0, "pct_comissio" : 0.15, "cap" : { "empleat_id" : 149, "nom" : "Eleni", "cognoms" : "Zlotkey" } }
{ "_id" : { "$oid" : "64135963f6b06e47207723dc" }, "empleat_id" : "200", "nom" : "Jennifer", "cognoms" : "Whalen", "email" : "jwhalen@empresa.cat", "telefon" : "515.123.4444", "data_contractacio" : { "$date" : "1987-09-17T00:00:00.000+0000" }, "feina" : { "codi" : "AD_ASST", "nom" : "Ajudant de direcció" }, "salari" : 4400.0, "cap" : { "empleat_id" : 101, "nom" : "Neena", "cognoms" : "Kochhar" }, "departament" : { "codi" : "10", "nom" : "Administració" }, "historial_feines" : [ { "data_inici" : { "$date" : "1987-09-17T00:00:00.000+0000" }, "data_fi" : { "$date" : "1993-06-17T00:00:00.000+0000" }, "feina" : { "codi" : "AD_ASST", "nom" : "Ajudant de direcció" }, "departament" : { "codi" : 90, "nom" : "Direcció" } }, { "data_inici" : { "$date" : "1994-07-01T00:00:00.000+0000" }, "data_fi" : { "$date" : "1998-12-31T00:00:00.000+0000" }, "feina" : { "codi" : "AC_ACCOUNT", "nom" : "Contable" }, "departament" : { "codi" : 90, "nom" : "Direcció" } } ] }
{ "_id" : { "$oid" : "64135963f6b06e47207723dd" }, "empleat_id" : "201", "nom" : "Michael", "cognoms" : "Hartstein", "email" : "mhartstein@empresa.cat", "telefon" : "515.123.5555", "data_contractacio" : { "$date" : "1996-02-17T00:00:00.000+0000" }, "feina" : { "codi" : "MK_MAN", "nom" : "Cap de Marketing" }, "salari" : 1300.0, "cap" : { "empleat_id" : 100, "nom" : "Steven", "cognoms" : "King" }, "departament" : { "codi" : "20", "nom" : "Màrketing" }, "historial_feines" : [ { "data_inici" : { "$date" : "1996-02-17T00:00:00.000+0000" }, "data_fi" : { "$date" : "1999-12-19T00:00:00.000+0000" }, "feina" : { "codi" : "MK_REP", "nom" : "Representant de Marketing" }, "departament" : { "codi" : 20, "nom" : "Màrketing" } } ] }
{ "_id" : { "$oid" : "64135963f6b06e47207723de" }, "empleat_id" : "202", "nom" : "Pat", "cognoms" : "Fay", "email" : "pfay@empresa.cat", "telefon" : "603.123.6666", "data_contractacio" : { "$date" : "1997-08-17T00:00:00.000+0000" }, "feina" : { "codi" : "MK_REP", "nom" : "Representant de Marketing" }, "salari" : 6000.0, "cap" : { "empleat_id" : 201, "nom" : "Michael", "cognoms" : "Hartstein" }, "departament" : { "codi" : "20", "nom" : "Màrketing" } }
{ "_id" : { "$oid" : "64135963f6b06e47207723df" }, "empleat_id" : "205", "nom" : "Shelly", "cognoms" : "Higgins", "email" : "shiggins@empresa.cat", "telefon" : "515.123.8080", "data_contractacio" : { "$date" : "1994-06-07T00:00:00.000+0000" }, "feina" : { "codi" : "AC_MGR", "nom" : "Cap contable" }, "salari" : 12000.0, "cap" : { "empleat_id" : 101, "nom" : "Neena", "cognoms" : "Kochhar" }, "departament" : { "codi" : "110", "nom" : "Contabilitat" } }
{ "_id" : { "$oid" : "64135963f6b06e47207723e0" }, "empleat_id" : "206", "nom" : "William", "cognoms" : "Gietz", "email" : "wgietz@empresa.cat", "telefon" : "515.123.8181", "data_contractacio" : { "$date" : "1994-06-07T00:00:00.000+0000" }, "feina" : { "codi" : "AC_ACCOUNT", "nom" : "Contable" }, "salari" : 8300.0, "cap" : { "empleat_id" : 205, "nom" : "Shelly", "cognoms" : "Higgins" }, "departament" : { "codi" : "110", "nom" : "Contabilitat" } }
{ "_id" : { "$oid" : "64135963f6b06e47207723e1" }, "empleat_id" : "207", "nom" : "Sarah", "cognoms" : "Connor", "email" : "sconnor@empresa.cat", "telefon" : "515.457.8574", "data_contractacio" : { "$date" : "1994-08-17T00:00:00.000+0000" }, "feina" : { "codi" : "AC_ACCOUNT", "nom" : "Contable" }, "salari" : 9000.0, "cap" : { "empleat_id" : 205, "nom" : "Shelly", "cognoms" : "Higgins" }, "departament" : { "codi" : "110", "nom" : "Contabilitat" } }
